profession,health_risk_mean
doctor,0.665079365079365
artist,0.6869009584664537
farmer,0.6917057902973396
office_worker,0.6993355481727574
student,0.7003105590062112
teacher,0.7075163398692811
engineer,0.7094155844155844
driver,0.7242472266244057
